season,canonical_team_name,team_name_raw,team_name,seed,postseason,team_id,match_type,offensive_efficiency,defensive_efficiency,efficiency_margin,kenpom_torvik_rating,ap_rank_week6,ap_top12_flag
2016,north carolina,North Carolina,north carolina,1,2ND,1314.0,CONFIRMED,123.3,94.9,28.4,0.9531,4,1
2015,wisconsin,Wisconsin,wisconsin,1,2ND,1458.0,CONFIRMED,129.1,93.6,35.5,0.9758,5,1
2018,michigan,Michigan,michigan,3,2ND,1425.0,CONFIRMED,114.4,90.4,24.0,0.9375,,0
2019,texas tech,Texas Tech,texas tech,3,2ND,1403.0,CONFIRMED,115.2,85.2,30.0,0.9696,,0
2017,gonzaga,Gonzaga,gonzaga,1,2ND,1199.0,CONFIRMED,117.8,86.3,31.5,0.9728,,0
2014,kentucky,Kentucky,kentucky,8,2ND,1246.0,CONFIRMED,117.2,96.2,21.0,0.9062,10,1
2013,michigan,Michigan,michigan,4,2ND,1276.0,CONFIRMED,121.5,93.7,27.8,0.9522,3,1
2015,duke,Duke,duke,1,Champions,1181.0,CONFIRMED,125.2,90.6,34.6,0.9764,3,1
2019,virginia,Virginia,virginia,1,Champions,1323.0,CONFIRMED,123.0,89.9,33.1,0.9736,,0
2017,north carolina,North Carolina,north carolina,1,Champions,1314.0,CONFIRMED,121.0,91.5,29.5,0.9615,,0
2016,villanova,Villanova,villanova,2,Champions,1437.0,CONFIRMED,123.1,90.9,32.2,0.9703,5,1
2018,villanova,Villanova,villanova,1,Champions,1211.0,CONFIRMED,128.4,94.1,34.3,0.9725,,0
2014,connecticut,Connecticut,connecticut,7,Champions,1163.0,CONFIRMED,112.5,91.3,21.2,0.9171,9,1
2013,louisville,Louisville,louisville,1,Champions,1257.0,CONFIRMED,115.9,84.5,31.4,0.9743,,0
2015,louisville,Louisville,louisville,4,E8,1257.0,CONFIRMED,109.4,87.4,22.0,0.929,,0
2015,notre dame,Notre Dame,notre dame,3,E8,1323.0,RANK_MATCH,125.3,98.6,26.7,0.9401,12,1
2016,notre dame,Notre Dame,notre dame,6,E8,1438.0,RANK_MATCH,118.3,103.3,15.0,0.8269,,0
2016,virginia,Virginia,virginia,1,E8,1323.0,CONFIRMED,119.9,91.0,28.9,0.96,7,1
2018,duke,Duke,duke,2,E8,1242.0,RANK_MATCH,122.3,92.9,29.4,0.9592,,0
2018,florida state,Florida St.,florida state,9,E8,3017.0,RANK_MATCH,113.2,96.4,16.8,0.8631,,0
2019,duke,Duke,duke,1,E8,1112.0,RANK_MATCH,118.9,89.2,29.7,0.9646,,0
2019,purdue,Purdue,purdue,3,E8,1345.0,RANK_MATCH,122.8,94.3,28.5,0.9539,,0
2016,kansas,Kansas,kansas,1,E8,1242.0,CONFIRMED,120.9,90.4,30.5,0.9662,1,1
2017,kansas,Kansas,kansas,1,E8,1242.0,CONFIRMED,121.5,94.5,27.0,0.9472,,0
2018,kansas state,Kansas St.,kansas state,9,E8,3001.0,RANK_MATCH,109.6,93.7,15.9,0.8584,,0
2018,texas tech,Texas Tech,texas tech,3,E8,3018.0,RANK_MATCH,112.7,91.5,21.2,0.917,,0
2017,xavier,Xavier,xavier,11,E8,1332.0,RANK_MATCH,115.6,97.9,17.7,0.8713,,0
2015,arizona,Arizona,arizona,2,E8,1211.0,RANK_MATCH,117.5,86.9,30.6,0.97,2,1
2016,oregon,Oregon,oregon,1,E8,1332.0,RANK_MATCH,118.4,96.2,22.2,0.9163,,0
2017,florida,Florida,florida,4,E8,1139.0,RANK_MATCH,116.6,88.9,27.7,0.9576,,0
2017,kentucky,Kentucky,kentucky,2,E8,1388.0,RANK_MATCH,118.3,91.3,27.0,0.9517,,0
2019,kentucky,Kentucky,kentucky,2,E8,1435.0,RANK_MATCH,117.5,89.8,27.7,0.9568,,0
2015,gonzaga,Gonzaga,gonzaga,2,E8,1112.0,RANK_MATCH,120.2,93.1,27.1,0.9498,4,1
2019,gonzaga,Gonzaga,gonzaga,1,E8,1314.0,RANK_MATCH,123.4,89.9,33.5,0.9744,,0
2014,arizona,Arizona,arizona,1,E8,1112.0,RANK_MATCH,116.2,87.4,28.8,0.9636,1,1
2014,michigan,Michigan,michigan,2,E8,1276.0,RANK_MATCH,125.0,99.9,25.1,0.9295,,0
2014,michigan state,Michigan St.,michigan state,4,E8,1277.0,RANK_MATCH,119.6,95.3,24.3,0.9319,5,1
2014,dayton,Dayton,dayton,11,E8,1173.0,RANK_MATCH,113.0,99.1,13.9,0.8188,,0
2013,ohio state,Ohio St.,ohio state,2,E8,1326.0,RANK_MATCH,113.6,89.4,24.2,0.9406,9,1
2013,duke,Duke,duke,2,E8,1181.0,CONFIRMED,118.4,91.5,26.9,0.9507,2,1
2013,marquette,Marquette,marquette,3,E8,1266.0,RANK_MATCH,113.0,93.2,19.8,0.902,,0
2013,florida,Florida,florida,3,E8,1196.0,RANK_MATCH,115.7,85.7,30.0,0.9694,5,1
2016,syracuse,Syracuse,syracuse,10,F4,1393.0,RANK_MATCH,111.9,93.6,18.3,0.8857,,0
2015,michigan state,Michigan St.,michigan state,7,F4,1277.0,CONFIRMED,116.3,92.6,23.7,0.9327,,0
2019,michigan state,Michigan St.,michigan state,2,F4,1181.0,RANK_MATCH,119.9,91.0,28.9,0.9597,,0
2016,oklahoma,Oklahoma,oklahoma,2,F4,1328.0,RANK_MATCH,118.2,94.1,24.1,0.9326,3,1
2018,kansas,Kansas,kansas,1,F4,1173.0,RANK_MATCH,122.1,96.4,25.7,0.9385,,0
2018,loyola chicago,Loyola Chicago,loyola chicago,11,F4,1403.0,RANK_MATCH,110.5,95.4,15.1,0.8444,,0
2017,oregon,Oregon,oregon,3,F4,1437.0,RANK_MATCH,117.8,93.8,24.0,0.9321,,0
2015,kentucky,Kentucky,kentucky,1,F4,1246.0,CONFIRMED,120.3,84.0,36.3,0.9842,1,1
2017,south carolina,South Carolina,south carolina,7,F4,1344.0,RANK_MATCH,108.7,89.0,19.7,0.9083,,0
2019,auburn,Auburn,auburn,5,F4,3006.0,RANK_MATCH,121.3,95.2,26.1,0.942,,0
2014,florida,Florida,florida,1,F4,1196.0,CONFIRMED,115.9,88.4,27.5,0.9575,8,1
2014,wisconsin,Wisconsin,wisconsin,2,F4,1458.0,CONFIRMED,122.7,95.9,26.8,0.9441,4,1
2013,syracuse,Syracuse,syracuse,4,F4,1393.0,RANK_MATCH,113.0,87.0,26.0,0.9533,4,1
2013,wichita st,Wichita St.,wichita st,9,F4,1455.0,RANK_MATCH,110.6,91.0,19.6,0.9045,,0
2015,dayton,Dayton,dayton,11,R32,1173.0,RANK_MATCH,107.0,94.5,12.5,0.8059,,0
2016,saint josephs,Saint Joseph's,saint josephs,8,R32,1386.0,RANK_MATCH,114.2,97.6,16.6,0.86,,0
2016,virginia commonwealth,VCU,virginia commonwealth,10,R32,1433.0,RANK_MATCH,112.1,94.2,17.9,0.8811,,0
2017,rhode island,Rhode Island,rhode island,11,R32,1458.0,RANK_MATCH,111.1,94.1,17.0,0.8717,,0
2018,rhode island,Rhode Island,rhode island,7,R32,1116.0,RANK_MATCH,109.7,97.3,12.4,0.7988,,0
2015,virginia,Virginia,virginia,2,R32,1438.0,RANK_MATCH,112.1,84.1,28.0,0.9648,6,1
2017,duke,Duke,duke,2,R32,1278.0,RANK_MATCH,122.1,95.6,26.5,0.9436,,0
2017,florida state,Florida St.,florida state,3,R32,1348.0,RANK_MATCH,115.4,95.2,20.2,0.9014,,0
2017,louisville,Louisville,louisville,2,R32,1257.0,CONFIRMED,117.6,91.5,26.1,0.9469,,0
2017,notre dame,Notre Dame,notre dame,5,R32,1112.0,RANK_MATCH,119.3,96.4,22.9,0.9205,,0
2017,virginia,Virginia,virginia,5,R32,1435.0,RANK_MATCH,111.8,86.9,24.9,0.9477,,0
2018,north carolina,North Carolina,north carolina,2,R32,1314.0,RANK_MATCH,120.7,97.1,23.6,0.9242,,0
2018,umbc,UMBC,umbc,16,R32,3002.0,RANK_MATCH,102.1,102.2,-0.1,0.4963,,0
2015,cincinnati,Cincinnati,cincinnati,8,R32,1153.0,RANK_MATCH,106.5,92.3,14.2,0.838,,0
2016,connecticut,Connecticut,connecticut,9,R32,1163.0,RANK_MATCH,110.5,93.4,17.1,0.8732,,0
2017,cincinnati,Cincinnati,cincinnati,6,R32,1438.0,RANK_MATCH,115.2,92.1,23.1,0.9292,,0
2018,cincinnati,Cincinnati,cincinnati,2,R32,1393.0,RANK_MATCH,111.6,87.7,23.9,0.9417,,0
2018,houston,Houston,houston,6,R32,1139.0,RANK_MATCH,114.8,93.9,20.9,0.9097,,0
2019,central florida,UCF,central florida,9,R32,1251.0,RANK_MATCH,112.7,93.3,19.4,0.898,,0
2015,iowa,Iowa,iowa,7,R32,1234.0,RANK_MATCH,114.0,92.0,22.0,0.9211,,0
2015,maryland,Maryland,maryland,4,R32,1207.0,RANK_MATCH,110.2,94.0,16.2,0.8619,11,1
2015,ohio state,Ohio St.,ohio state,10,R32,1326.0,RANK_MATCH,113.9,93.1,20.8,0.9104,,0
2016,iowa,Iowa,iowa,7,R32,1234.0,RANK_MATCH,114.4,95.8,18.6,0.8853,,0
2017,michigan state,Michigan St.,michigan state,9,R32,1343.0,RANK_MATCH,111.6,94.9,16.7,0.8661,,0
2017,northwestern,Northwestern,northwestern,8,R32,1116.0,RANK_MATCH,111.2,95.2,16.0,0.8564,,0
2018,michigan state,Michigan St.,michigan state,3,R32,1257.0,RANK_MATCH,118.9,94.3,24.6,0.9347,,0
2018,ohio state,Ohio St.,ohio state,5,R32,1439.0,RANK_MATCH,116.0,94.3,21.7,0.9154,,0
2019,iowa,Iowa,iowa,10,R32,1234.0,RANK_MATCH,116.1,100.6,15.5,0.8385,,0
2019,maryland,Maryland,maryland,6,R32,1372.0,RANK_MATCH,111.6,93.3,18.3,0.8875,,0
2019,minnesota,Minnesota,minnesota,10,R32,1196.0,RANK_MATCH,110.4,96.3,14.1,0.8284,,0
2019,ohio state,Ohio St.,ohio state,11,R32,1326.0,RANK_MATCH,107.8,93.8,14.0,0.8329,,0
2015,kansas,Kansas,kansas,2,R32,1242.0,CONFIRMED,113.6,90.6,23.0,0.9308,8,1
2017,iowa state,Iowa St.,iowa state,5,R32,1276.0,RANK_MATCH,120.0,96.2,23.8,0.9265,,0
2019,baylor,Baylor,baylor,9,R32,1332.0,CONFIRMED,114.6,99.2,15.4,0.84,,0
2019,kansas,Kansas,kansas,4,R32,1235.0,RANK_MATCH,112.9,92.4,20.5,0.9092,,0
2019,oklahoma,Oklahoma,oklahoma,9,R32,3019.0,RANK_MATCH,110.5,93.1,17.4,0.878,,0
2015,butler,Butler,butler,6,R32,1139.0,RANK_MATCH,108.5,88.6,19.9,0.9115,,0
2015,georgetown,Georgetown,georgetown,4,R32,1268.0,RANK_MATCH,112.6,93.5,19.1,0.8945,,0
2015,villanova,Villanova,villanova,1,R32,1437.0,RANK_MATCH,121.9,91.1,30.8,0.9663,7,1
2016,butler,Butler,butler,9,R32,1344.0,RANK_MATCH,118.2,98.6,19.6,0.8899,,0
2016,providence,Providence,providence,9,R32,1139.0,RANK_MATCH,108.7,95.4,13.3,0.8193,10,1
2016,xavier,Xavier,xavier,2,R32,1462.0,RANK_MATCH,117.0,94.3,22.7,0.9229,6,1
2017,villanova,Villanova,villanova,1,R32,1235.0,RANK_MATCH,122.2,92.5,29.7,0.9611,,0
2018,butler,Butler,butler,10,R32,1397.0,RANK_MATCH,116.1,95.3,20.8,0.9068,,0
2018,seton hall,Seton Hall,seton hall,8,R32,3006.0,RANK_MATCH,117.8,98.2,19.6,0.8902,,0
2018,xavier,Xavier,xavier,1,R32,1323.0,RANK_MATCH,120.9,97.7,23.2,0.9211,,0
2019,villanova,Villanova,villanova,6,R32,1211.0,RANK_MATCH,114.6,98.9,15.7,0.8448,,0
2019,liberty,Liberty,liberty,12,R32,1425.0,RANK_MATCH,109.2,99.6,9.6,0.7428,,0
2016,hawaii,Hawaii,hawaii,13,R32,1218.0,RANK_MATCH,106.9,95.0,11.9,0.7945,,0
2019,california irvine,UC Irvine,california irvine,13,R32,1434.0,RANK_MATCH,107.2,97.6,9.6,0.7458,,0
2015,alabama birmingham,UAB,alabama birmingham,14,R32,1209.0,RANK_MATCH,102.7,100.1,2.6,0.5721,,0
2016,middle tennessee state,Middle Tennessee,middle tennessee state,15,R32,1292.0,RANK_MATCH,103.9,99.5,4.4,0.6224,,0
2017,middle tennessee state,Middle Tennessee,middle tennessee state,12,R32,1274.0,RANK_MATCH,111.2,96.6,14.6,0.8339,,0
2018,marshall,Marshall,marshall,13,R32,3004.0,RANK_MATCH,108.8,102.5,6.3,0.6633,,0
2016,yale,Yale,yale,12,R32,1114.0,RANK_MATCH,109.1,95.6,13.5,0.8209,,0
2018,buffalo,Buffalo,buffalo,13,R32,1372.0,RANK_MATCH,114.5,102.7,11.8,0.7761,,0
2019,buffalo,Buffalo,buffalo,6,R32,1328.0,RANK_MATCH,113.6,95.3,18.3,0.8819,,0
2015,northern iowa,Northern Iowa,northern iowa,5,R32,1116.0,RANK_MATCH,115.4,93.0,22.4,0.9228,,0
2016,northern iowa,Northern Iowa,northern iowa,11,R32,1320.0,RANK_MATCH,109.7,96.7,13.0,0.8109,,0
2016,wichita st,Wichita St.,wichita st,11,R32,1372.0,RANK_MATCH,110.3,87.8,22.5,0.9321,,0
2017,wichita st,Wichita St.,wichita st,10,R32,1268.0,RANK_MATCH,117.2,92.2,25.0,0.9403,,0
2015,san diego st,San Diego St.,san diego st,8,R32,1361.0,RANK_MATCH,103.1,87.5,15.6,0.8691,,0
2019,murray st,Murray St.,murray st,12,R32,1438.0,RANK_MATCH,110.4,98.6,11.8,0.7852,,0
2015,oregon,Oregon,oregon,8,R32,1332.0,RANK_MATCH,114.3,99.1,15.2,0.8379,,0
2016,utah,Utah,utah,3,R32,1428.0,RANK_MATCH,115.8,97.3,18.5,0.8807,,0
2017,southern california,USC,southern california,11,R32,1417.0,RANK_MATCH,113.3,100.6,12.7,0.7966,,0
2019,washington,Washington,washington,9,R32,3020.0,RANK_MATCH,105.6,93.1,12.5,0.8097,,0
2015,georgia st,Georgia St.,georgia st,14,R32,1412.0,RANK_MATCH,109.5,98.0,11.5,0.7802,,0
2016,arkansas little rock,Arkansas Little Rock,arkansas little rock,12,R32,1463.0,RANK_MATCH,107.6,96.7,10.9,0.7732,,0
2019,wofford,Wofford,wofford,7,R32,1166.0,RANK_MATCH,116.4,97.1,19.3,0.8892,,0
2015,arkansas,Arkansas,arkansas,5,R32,1320.0,RANK_MATCH,113.2,96.0,17.2,0.8696,,0
2016,kentucky,Kentucky,kentucky,4,R32,1246.0,CONFIRMED,123.2,95.1,28.1,0.9517,,0
2017,arkansas,Arkansas,arkansas,8,R32,1124.0,RANK_MATCH,114.9,99.8,15.1,0.8339,,0
2018,alabama,Alabama,alabama,9,R32,1417.0,RANK_MATCH,107.9,95.3,12.6,0.8074,,0
2018,auburn,Auburn,auburn,4,R32,1166.0,RANK_MATCH,114.0,96.9,17.1,0.8672,,0
2018,florida,Florida,florida,6,R32,1196.0,RANK_MATCH,115.2,93.9,21.3,0.9132,,0
2018,tennessee,Tennessee,tennessee,3,R32,1435.0,RANK_MATCH,114.2,92.0,22.2,0.9225,,0
2019,florida,Florida,florida,10,R32,1277.0,RANK_MATCH,110.3,91.6,18.7,0.8947,,0
2016,stephen f austin,Stephen F. Austin,stephen f austin,14,R32,1455.0,RANK_MATCH,110.3,96.5,13.8,0.8235,,0
2017,saint marys,Saint Mary's,saint marys,7,R32,1246.0,RANK_MATCH,118.0,93.8,24.2,0.9334,,0
2014,wichita st,Wichita St.,wichita st,1,R32,1455.0,RANK_MATCH,116.4,93.0,23.4,0.9295,,0
2014,kansas,Kansas,kansas,2,R32,1242.0,CONFIRMED,119.2,95.6,23.6,0.927,11,1
2014,villanova,Villanova,villanova,2,R32,1437.0,RANK_MATCH,115.2,92.5,22.7,0.926,,0
2014,creighton,Creighton,creighton,3,R32,1393.0,RANK_MATCH,125.2,101.9,23.3,0.9144,,0
2014,syracuse,Syracuse,syracuse,3,R32,1166.0,RANK_MATCH,114.2,92.8,21.4,0.9156,2,1
2014,saint louis,Saint Louis,saint louis,5,R32,1387.0,RANK_MATCH,104.9,90.4,14.5,0.8477,,0
2014,north carolina,North Carolina,north carolina,6,R32,1314.0,RANK_MATCH,113.4,94.7,18.7,0.8883,12,1
2014,oregon,Oregon,oregon,7,R32,1400.0,RANK_MATCH,118.1,100.0,18.1,0.872,,0
2014,texas,Texas,texas,7,R32,1332.0,RANK_MATCH,112.4,96.7,15.7,0.8507,,0
2014,gonzaga,Gonzaga,gonzaga,8,R32,1211.0,RANK_MATCH,113.6,93.3,20.3,0.9064,,0
2014,memphis,Memphis,memphis,8,R32,1272.0,RANK_MATCH,112.6,97.0,15.6,0.8479,,0
2014,pittsburgh,Pittsburgh,pittsburgh,9,R32,1338.0,RANK_MATCH,117.1,94.0,23.1,0.9261,,0
2014,harvard,Harvard,harvard,12,R32,1372.0,RANK_MATCH,111.9,95.2,16.7,0.8641,,0
2014,north dakota st,North Dakota St.,north dakota st,12,R32,1295.0,RANK_MATCH,113.9,103.0,10.9,0.7613,,0
2014,stephen f austin,Stephen F. Austin,stephen f austin,12,R32,1217.0,RANK_MATCH,112.0,101.6,10.4,0.7527,,0
2014,mercer,Mercer,mercer,14,R32,1273.0,RANK_MATCH,109.6,101.8,7.8,0.6993,,0
2013,gonzaga,Gonzaga,gonzaga,1,R32,1211.0,RANK_MATCH,118.9,90.2,28.7,0.9599,8,1
2013,saint louis,Saint Louis,saint louis,4,R32,1387.0,RANK_MATCH,108.0,87.5,20.5,0.9181,,0
2013,virginia commonwealth,VCU,virginia commonwealth,5,R32,1433.0,RANK_MATCH,113.8,92.1,21.7,0.9195,,0
2013,butler,Butler,butler,6,R32,1272.0,RANK_MATCH,109.2,93.0,16.2,0.8624,7,1
2013,memphis,Memphis,memphis,6,R32,1139.0,RANK_MATCH,106.1,90.2,15.9,0.8672,,0
2013,san diego st,San Diego St.,san diego st,7,R32,1166.0,RANK_MATCH,106.0,89.5,16.5,0.8752,,0
2013,illinois,Illinois,illinois,7,R32,1361.0,RANK_MATCH,109.8,92.7,17.1,0.8749,10,1
2013,creighton,Creighton,creighton,7,R32,1228.0,RANK_MATCH,116.4,95.0,21.4,0.9117,11,1
2013,colorado state,Colorado St.,colorado state,8,R32,1314.0,RANK_MATCH,116.6,98.4,18.2,0.8759,,0
2013,north carolina,North Carolina,north carolina,8,R32,1161.0,RANK_MATCH,111.6,93.0,18.6,0.8902,,0
2013,temple,Temple,temple,9,R32,1396.0,RANK_MATCH,110.7,96.9,13.8,0.822,,0
2013,iowa state,Iowa St.,iowa state,10,R32,1235.0,RANK_MATCH,117.2,98.3,18.9,0.8828,,0
2013,minnesota,Minnesota,minnesota,11,R32,1278.0,RANK_MATCH,112.6,92.5,20.1,0.905,,0
2013,california,California,california,12,R32,1279.0,RANK_MATCH,105.4,92.3,13.1,0.8211,,0
2013,mississippi,Mississippi,mississippi,12,R32,1143.0,RANK_MATCH,110.0,95.6,14.4,0.834,,0
2013,harvard,Harvard,harvard,14,R32,1217.0,RANK_MATCH,104.9,99.9,5.0,0.6362,,0
2015,davidson,Davidson,davidson,10,R64,1208.0,RANK_MATCH,118.3,102.2,16.1,0.8435,,0
2015,virginia commonwealth,VCU,virginia commonwealth,7,R64,1433.0,RANK_MATCH,108.4,94.0,14.4,0.8373,,0
2016,dayton,Dayton,dayton,7,R64,1173.0,RANK_MATCH,105.5,92.6,12.9,0.8184,,0
2017,dayton,Dayton,dayton,7,R64,1376.0,RANK_MATCH,111.6,97.0,14.6,0.8333,,0
2017,virginia commonwealth,VCU,virginia commonwealth,10,R64,1266.0,RANK_MATCH,108.1,95.9,12.2,0.7988,,0
2018,davidson,Davidson,davidson,12,R64,,UNMATCHED,117.0,102.3,14.7,0.823,,0
2018,st bonaventure,St. Bonaventure,st bonaventure,11,R64,,UNMATCHED,109.6,99.7,9.9,0.7485,,0
2019,saint louis,Saint Louis,saint louis,13,R64,1387.0,RANK_MATCH,101.3,95.7,5.6,0.6599,,0
2019,virginia commonwealth,VCU,virginia commonwealth,8,R64,3024.0,RANK_MATCH,104.6,87.6,17.0,0.8838,,0
2016,pittsburgh,Pittsburgh,pittsburgh,10,R64,1338.0,RANK_MATCH,113.9,96.9,17.0,0.8659,,0
2017,miami florida,Miami FL,miami florida,8,R64,1321.0,RANK_MATCH,110.8,93.1,17.7,0.8804,,0
2017,virginia tech,Virginia Tech,virginia tech,9,R64,1371.0,RANK_MATCH,118.4,102.5,15.9,0.8401,,0
2018,miami florida,Miami FL,miami florida,6,R64,,UNMATCHED,113.3,96.6,16.7,0.8623,,0
2018,north carolina st,North Carolina St.,north carolina st,9,R64,,UNMATCHED,115.6,101.3,14.3,0.821,,0
2018,virginia,Virginia,virginia,1,R64,,UNMATCHED,114.6,86.7,27.9,0.9612,,0
2018,virginia tech,Virginia Tech,virginia tech,8,R64,,UNMATCHED,115.2,98.6,16.6,0.8579,,0
2019,louisville,Louisville,louisville,7,R64,1246.0,RANK_MATCH,112.9,93.1,19.8,0.9023,,0
2019,syracuse,Syracuse,syracuse,8,R64,1114.0,RANK_MATCH,110.5,94.2,16.3,0.8622,,0
2015,albany,Albany,albany,14,R64,1107.0,RANK_MATCH,104.9,102.2,2.7,0.5749,,0
2016,stony brook,Stony Brook,stony brook,13,R64,1392.0,RANK_MATCH,104.6,99.2,5.4,0.648,,0
2017,vermont,Vermont,vermont,13,R64,1190.0,RANK_MATCH,110.0,98.2,11.8,0.7864,,0
2019,vermont,Vermont,vermont,13,R64,1137.0,RANK_MATCH,107.0,98.1,8.9,0.7324,,0
2015,southern methodist,SMU,southern methodist,6,R64,1374.0,RANK_MATCH,111.1,94.6,16.5,0.8635,,0
2016,cincinnati,Cincinnati,cincinnati,9,R64,1153.0,RANK_MATCH,110.0,93.5,16.5,0.866,,0
2016,temple,Temple,temple,10,R64,1138.0,RANK_MATCH,106.3,97.4,8.9,0.7318,,0
2017,southern methodist,SMU,southern methodist,6,R64,1153.0,RANK_MATCH,120.0,94.1,25.9,0.9426,,0
2018,wichita st,Wichita St.,wichita st,4,R64,,UNMATCHED,120.9,102.7,18.2,0.8671,,0
2019,cincinnati,Cincinnati,cincinnati,7,R64,1459.0,RANK_MATCH,112.3,93.8,18.5,0.8871,,0
2016,florida gulf coast,Florida Gulf Coast,florida gulf coast,16,R64,1195.0,RANK_MATCH,102.9,102.4,0.5,0.5136,,0
2017,florida gulf coast,Florida Gulf Coast,florida gulf coast,14,R64,1233.0,RANK_MATCH,107.8,103.4,4.4,0.6169,,0
2018,lipscomb,Lipscomb,lipscomb,15,R64,,UNMATCHED,103.2,101.8,1.4,0.5375,,0
2015,indiana,Indiana,indiana,10,R64,1231.0,RANK_MATCH,119.5,103.0,16.5,0.8473,,0
2015,purdue,Purdue,purdue,9,R64,1329.0,RANK_MATCH,110.5,93.9,16.6,0.8654,,0
2016,michigan,Michigan,michigan,11,R64,1276.0,RANK_MATCH,113.4,99.4,14.0,0.82,,0
2016,michigan state,Michigan St.,michigan state,2,R64,1277.0,RANK_MATCH,122.5,96.0,26.5,0.9428,2,1
2016,purdue,Purdue,purdue,5,R64,1124.0,RANK_MATCH,117.2,93.4,23.8,0.9316,,0
2017,maryland,Maryland,maryland,6,R64,1166.0,RANK_MATCH,113.4,97.9,15.5,0.8448,,0
2017,minnesota,Minnesota,minnesota,5,R64,1308.0,RANK_MATCH,109.3,92.9,16.4,0.8665,,0
2019,wisconsin,Wisconsin,wisconsin,5,R64,3026.0,RANK_MATCH,108.2,88.6,19.6,0.9089,,0
2015,baylor,Baylor,baylor,3,R64,1124.0,RANK_MATCH,116.3,92.7,23.6,0.9316,,0
2015,iowa state,Iowa St.,iowa state,3,R64,1235.0,RANK_MATCH,116.9,95.6,21.3,0.9103,,0
2015,oklahoma state,Oklahoma St.,oklahoma state,9,R64,1385.0,RANK_MATCH,110.7,95.4,15.3,0.8469,,0
2015,texas,Texas,texas,11,R64,1279.0,RANK_MATCH,110.3,90.7,19.6,0.9048,,0
2016,baylor,Baylor,baylor,5,R64,1345.0,RANK_MATCH,119.3,99.2,20.1,0.8924,,0
2016,texas,Texas,texas,6,R64,1400.0,RANK_MATCH,112.2,95.6,16.6,0.8627,,0
2016,texas tech,Texas Tech,texas tech,8,R64,1403.0,CONFIRMED,113.1,98.9,14.2,0.8227,,0
2016,west virginia,West Virginia,west virginia,3,R64,1452.0,RANK_MATCH,114.8,90.4,24.4,0.9396,,0
2017,kansas state,Kansas St.,kansas state,11,R64,1425.0,RANK_MATCH,112.2,94.2,18.0,0.8818,,0
2017,oklahoma state,Oklahoma St.,oklahoma state,10,R64,1329.0,RANK_MATCH,126.8,102.3,24.5,0.9221,,0
2018,oklahoma,Oklahoma,oklahoma,10,R64,,UNMATCHED,114.6,99.5,15.1,0.835,,0
2018,texas christian,TCU,texas christian,6,R64,,UNMATCHED,119.5,100.5,19.0,0.8804,,0
2018,texas,Texas,texas,10,R64,,UNMATCHED,109.3,93.7,15.6,0.8547,,0
2019,iowa state,Iowa St.,iowa state,6,R64,1374.0,RANK_MATCH,118.4,96.6,21.8,0.912,,0
2019,kansas state,Kansas St.,kansas state,4,R64,1242.0,RANK_MATCH,108.0,87.8,20.2,0.9151,,0
2015,providence,Providence,providence,6,R64,1344.0,RANK_MATCH,111.6,93.7,17.9,0.8821,,0
2015,saint johns,St. John's,saint johns,9,R64,1345.0,RANK_MATCH,110.6,94.7,15.9,0.8569,,0
2016,seton hall,Seton Hall,seton hall,6,R64,1371.0,RANK_MATCH,110.8,91.4,19.4,0.9014,,0
2017,creighton,Creighton,creighton,6,R64,1374.0,RANK_MATCH,114.5,95.2,19.3,0.8931,,0
2017,marquette,Marquette,marquette,10,R64,1455.0,RANK_MATCH,121.8,101.8,20.0,0.8881,,0
2017,seton hall,Seton Hall,seton hall,9,R64,1439.0,RANK_MATCH,108.9,95.6,13.3,0.8178,,0
2018,creighton,Creighton,creighton,8,R64,,UNMATCHED,116.2,97.4,18.8,0.8836,,0
2018,providence,Providence,providence,10,R64,,UNMATCHED,108.4,95.9,12.5,0.8027,,0
2019,marquette,Marquette,marquette,5,R64,1329.0,RANK_MATCH,111.7,95.9,15.8,0.8524,,0
2019,seton hall,Seton Hall,seton hall,10,R64,1439.0,RANK_MATCH,107.9,96.9,11.0,0.7749,,0
2015,eastern washington,Eastern Washington,eastern washington,13,R64,1217.0,RANK_MATCH,110.1,107.6,2.5,0.5648,,0
2016,weber st,Weber St.,weber st,15,R64,1451.0,RANK_MATCH,101.7,99.5,2.2,0.5599,,0
2017,north dakota,North Dakota,north dakota,15,R64,1315.0,RANK_MATCH,103.1,102.7,0.4,0.5112,,0
2018,montana,Montana,montana,14,R64,,UNMATCHED,106.7,98.4,8.3,0.7184,,0
2019,montana,Montana,montana,15,R64,3023.0,RANK_MATCH,106.2,103.2,3.0,0.5812,,0
2015,coastal carolina,Coastal Carolina,coastal carolina,16,R64,1157.0,RANK_MATCH,104.5,103.0,1.5,0.5417,,0
2016,unc asheville,UNC Asheville,unc asheville,15,R64,1167.0,RANK_MATCH,101.2,99.4,1.8,0.5487,,0
2017,winthrop,Winthrop,winthrop,13,R64,1457.0,RANK_MATCH,105.3,101.3,4.0,0.6106,,0
2018,radford,Radford,radford,16,R64,,UNMATCHED,101.3,102.8,-1.5,0.4559,,0
2019,gardner webb,Gardner Webb,gardner webb,16,R64,1295.0,RANK_MATCH,106.0,106.6,-0.6,0.4852,,0
2015,california irvine,UC Irvine,california irvine,13,R64,1434.0,RANK_MATCH,105.1,96.8,8.3,0.7202,,0
2017,california davis,UC Davis,california davis,16,R64,1413.0,RANK_MATCH,97.4,100.8,-3.4,0.4033,,0
2018,cal st fullerton,Cal St. Fullerton,cal st fullerton,15,R64,,UNMATCHED,101.6,102.5,-0.9,0.476,,0
2015,northeastern,Northeastern,northeastern,14,R64,1318.0,RANK_MATCH,107.0,101.0,6.0,0.6586,,0
2016,unc wilmington,UNC Wilmington,unc wilmington,13,R64,1423.0,RANK_MATCH,109.5,100.9,8.6,0.7186,,0
2017,unc wilmington,UNC Wilmington,unc wilmington,12,R64,1423.0,RANK_MATCH,117.7,105.0,12.7,0.7881,,0
2018,college of charleston,College of Charleston,college of charleston,13,R64,,UNMATCHED,106.8,104.3,2.5,0.5685,,0
2019,northeastern,Northeastern,northeastern,13,R64,1318.0,RANK_MATCH,109.1,102.5,6.6,0.6712,,0
2019,old dominion,Old Dominion,old dominion,14,R64,3022.0,RANK_MATCH,99.3,94.6,4.7,0.6339,,0
2015,valparaiso,Valparaiso,valparaiso,13,R64,1186.0,RANK_MATCH,105.0,94.5,10.5,0.7706,,0
2016,green bay,Green Bay,green bay,14,R64,1201.0,RANK_MATCH,106.9,104.2,2.7,0.5729,,0
2017,northern kentucky,Northern Kentucky,northern kentucky,15,R64,1240.0,RANK_MATCH,105.5,104.1,1.4,0.537,,0
2018,wright st,Wright St.,wright st,14,R64,,UNMATCHED,99.4,97.2,2.2,0.5638,,0
2019,northern kentucky,Northern Kentucky,northern kentucky,14,R64,1297.0,RANK_MATCH,107.8,101.3,6.5,0.6719,,0
2015,harvard,Harvard,harvard,13,R64,1414.0,RANK_MATCH,102.4,94.9,7.5,0.7057,,0
2017,princeton,Princeton,princeton,12,R64,1305.0,RANK_MATCH,107.6,95.4,12.2,0.7989,,0
2018,penn,Penn,penn,16,R64,,UNMATCHED,103.6,97.6,6.0,0.6644,,0
2019,yale,Yale,yale,14,R64,1143.0,RANK_MATCH,110.5,102.5,8.0,0.7034,,0
2016,iona,Iona,iona,13,R64,1233.0,RANK_MATCH,109.1,102.1,7.0,0.6822,,0
2017,iona,Iona,iona,14,R64,1323.0,RANK_MATCH,109.3,106.0,3.3,0.5879,,0
2018,iona,Iona,iona,15,R64,,UNMATCHED,108.8,107.6,1.2,0.5333,,0
2019,iona,Iona,iona,16,R64,1233.0,RANK_MATCH,105.2,108.8,-3.6,0.4044,,0
2015,buffalo,Buffalo,buffalo,12,R64,1372.0,RANK_MATCH,109.1,98.0,11.1,0.7742,,0
2016,buffalo,Buffalo,buffalo,14,R64,1453.0,RANK_MATCH,105.1,102.4,2.7,0.5746,,0
2017,kent st,Kent St.,kent st,14,R64,1245.0,RANK_MATCH,104.1,102.9,1.2,0.5322,,0
2015,hampton,Hampton,hampton,16,R64,1248.0,RANK_MATCH,94.8,102.3,-7.5,0.2939,,0
2016,hampton,Hampton,hampton,16,R64,1221.0,RANK_MATCH,98.2,107.5,-9.3,0.2615,,0
2019,bradley,Bradley,bradley,15,R64,3025.0,RANK_MATCH,101.1,100.5,0.6,0.517,,0
2015,wyoming,Wyoming,wyoming,12,R64,1138.0,RANK_MATCH,102.1,98.2,3.9,0.6121,,0
2016,fresno st,Fresno St.,fresno st,14,R64,1396.0,RANK_MATCH,106.3,100.1,6.2,0.6646,,0
2017,nevada,Nevada,nevada,12,R64,1292.0,RANK_MATCH,113.7,100.7,13.0,0.8021,,0
2018,san diego st,San Diego St.,san diego st,11,R64,1458.0,CONFIRMED,110.2,94.9,15.3,0.8486,,0
2019,nevada,Nevada,nevada,7,R64,1305.0,RANK_MATCH,112.5,95.9,16.6,0.8618,,0
2019,utah state,Utah St.,utah state,8,R64,1455.0,RANK_MATCH,111.3,96.8,14.5,0.8329,,0
2015,robert morris,Robert Morris,robert morris,16,R64,1214.0,RANK_MATCH,100.7,103.3,-2.6,0.4286,,0
2017,mount st marys,Mount St. Mary's,mount st marys,16,R64,1309.0,RANK_MATCH,98.9,101.8,-2.9,0.4155,,0
2019,fairleigh dickinson,Fairleigh Dickinson,fairleigh dickinson,16,R64,3021.0,RANK_MATCH,104.5,110.3,-5.8,0.3494,,0
2015,belmont,Belmont,belmont,15,R64,1411.0,RANK_MATCH,108.7,106.8,1.9,0.5497,,0
2016,austin peay,Austin Peay,austin peay,16,R64,1122.0,RANK_MATCH,103.4,109.1,-5.7,0.3501,,0
2017,jacksonville st,Jacksonville St.,jacksonville st,15,R64,1297.0,RANK_MATCH,104.4,104.2,0.2,0.5054,,0
2018,murray st,Murray St.,murray st,12,R64,,UNMATCHED,110.6,100.8,9.8,0.7449,,0
2019,belmont,Belmont,belmont,11,R64,1276.0,RANK_MATCH,114.9,101.0,13.9,0.8138,,0
2016,arizona,Arizona,arizona,6,R64,1112.0,RANK_MATCH,116.1,95.7,20.4,0.9022,9,1
2016,california,California,california,4,R64,1143.0,RANK_MATCH,112.4,92.8,19.6,0.9006,,0
2016,colorado,Colorado,colorado,8,R64,1160.0,RANK_MATCH,107.8,95.2,12.6,0.8072,,0
2016,oregon state,Oregon St.,oregon state,7,R64,1333.0,RANK_MATCH,109.9,98.1,11.8,0.788,,0
2016,southern california,USC,southern california,8,R64,1425.0,RANK_MATCH,113.7,98.7,15.0,0.8352,,0
2018,arizona,Arizona,arizona,4,R64,,UNMATCHED,117.0,100.4,16.6,0.8528,,0
2019,arizona state,Arizona St.,arizona state,11,R64,1411.0,RANK_MATCH,108.7,97.6,11.1,0.775,,0
2015,lafayette,Lafayette,lafayette,16,R64,1352.0,RANK_MATCH,109.8,114.5,-4.7,0.3839,,0
2016,holy cross,Holy Cross,holy cross,16,R64,1214.0,RANK_MATCH,96.7,106.9,-10.2,0.2398,,0
2017,bucknell,Bucknell,bucknell,13,R64,1137.0,RANK_MATCH,108.3,99.1,9.2,0.7352,,0
2018,bucknell,Bucknell,bucknell,14,R64,,UNMATCHED,108.0,101.3,6.7,0.676,,0
2019,colgate,Colgate,colgate,15,R64,1355.0,RANK_MATCH,109.1,105.5,3.6,0.5961,,0
2017,troy,Troy,troy,15,R64,1407.0,RANK_MATCH,108.8,106.6,2.2,0.5596,,0
2018,georgia st,Georgia St.,georgia st,15,R64,,UNMATCHED,108.8,101.5,7.3,0.6894,,0
2019,georgia st,Georgia St.,georgia st,14,R64,1412.0,RANK_MATCH,106.4,101.1,5.3,0.6418,,0
2015,wofford,Wofford,wofford,12,R64,1459.0,RANK_MATCH,102.3,96.8,5.5,0.6547,,0
2016,chattanooga,Chattanooga,chattanooga,12,R64,1355.0,RANK_MATCH,105.6,100.8,4.8,0.6286,,0
2017,east tennessee st,East Tennessee St.,east tennessee st,13,R64,1436.0,RANK_MATCH,107.3,97.1,10.2,0.7595,,0
2018,unc greensboro,UNC Greensboro,unc greensboro,13,R64,,UNMATCHED,103.4,95.2,8.2,0.7207,,0
2015,georgia,Georgia,georgia,10,R64,1172.0,RANK_MATCH,107.6,92.6,15.0,0.8482,,0
2015,louisiana state,LSU,louisiana state,9,R64,1261.0,RANK_MATCH,107.8,92.8,15.0,0.8477,,0
2015,mississippi,Mississippi,mississippi,11,R64,1400.0,RANK_MATCH,112.2,99.2,13.0,0.8037,,0
2017,vanderbilt,Vanderbilt,vanderbilt,9,R64,1277.0,RANK_MATCH,112.5,93.8,18.7,0.8898,,0
2018,arkansas,Arkansas,arkansas,7,R64,,UNMATCHED,116.7,100.4,16.3,0.8483,,0
2018,missouri,Missouri,missouri,8,R64,,UNMATCHED,111.0,96.0,15.0,0.842,,0
2019,mississippi,Mississippi,mississippi,8,R64,1393.0,RANK_MATCH,113.3,97.9,15.4,0.8433,,0
2019,mississippi state,Mississippi St.,mississippi state,5,R64,1274.0,RANK_MATCH,116.9,96.8,20.1,0.898,,0
2015,stephen f austin,Stephen F. Austin,stephen f austin,12,R64,1461.0,RANK_MATCH,111.0,98.8,12.2,0.7919,,0
2018,stephen f austin,Stephen F. Austin,stephen f austin,14,R64,,UNMATCHED,103.8,97.1,6.7,0.6832,,0
2019,abilene christian,Abilene Christian,abilene christian,15,R64,3027.0,RANK_MATCH,100.9,100.7,0.2,0.5064,,0
2015,north dakota st,North Dakota St.,north dakota st,15,R64,1125.0,RANK_MATCH,100.8,100.7,0.1,0.5035,,0
2016,south dakota st,South Dakota St.,south dakota st,12,R64,1151.0,RANK_MATCH,110.5,101.1,9.4,0.737,,0
2017,south dakota st,South Dakota St.,south dakota st,16,R64,1411.0,RANK_MATCH,108.2,109.7,-1.5,0.4612,,0
2018,south dakota st,South Dakota St.,south dakota st,12,R64,,UNMATCHED,113.2,100.4,12.8,0.7989,,0
2019,north dakota st,North Dakota St.,north dakota st,16,R64,1380.0,RANK_MATCH,106.6,109.0,-2.4,0.4369,,0
2015,texas southern,Texas Southern,texas southern,15,R64,1295.0,RANK_MATCH,101.9,108.1,-6.2,0.3371,,0
2017,texas southern,Texas Southern,texas southern,16,R64,1291.0,RANK_MATCH,100.6,106.5,-5.9,0.3437,,0
2018,texas southern,Texas Southern,texas southern,16,R64,,UNMATCHED,104.1,112.4,-8.3,0.293,,0
2015,new mexico st,New Mexico St.,new mexico st,15,R64,1308.0,RANK_MATCH,103.9,98.1,5.8,0.6613,,0
2016,cal st bakersfield,Cal St. Bakersfield,cal st bakersfield,15,R64,1421.0,RANK_MATCH,103.4,95.7,7.7,0.7106,,0
2017,new mexico st,New Mexico St.,new mexico st,14,R64,1195.0,RANK_MATCH,109.4,102.5,6.9,0.6783,,0
2018,new mexico st,New Mexico St.,new mexico st,12,R64,,UNMATCHED,106.8,95.0,11.8,0.7927,,0
2019,new mexico st,New Mexico St.,new mexico st,12,R64,1195.0,RANK_MATCH,111.8,98.2,13.6,0.8155,,0
2019,saint marys,Saint Mary's,saint marys,11,R64,1386.0,RANK_MATCH,113.1,96.3,16.8,0.8637,,0
2014,duke,Duke,duke,3,R64,1181.0,CONFIRMED,125.9,98.6,27.3,0.9432,7,1
2014,cincinnati,Cincinnati,cincinnati,5,R64,1386.0,RANK_MATCH,108.7,91.5,17.2,0.8783,,0
2014,oklahoma,Oklahoma,oklahoma,5,R64,1328.0,RANK_MATCH,118.2,99.4,18.8,0.8793,,0
2014,virginia commonwealth,VCU,virginia commonwealth,5,R64,1153.0,RANK_MATCH,108.3,89.8,18.5,0.8955,,0
2014,massachusetts,Massachusetts,massachusetts,6,R64,1444.0,RANK_MATCH,109.0,96.9,12.1,0.7952,,0
2014,ohio state,Ohio St.,ohio state,6,R64,1326.0,RANK_MATCH,108.4,88.5,19.9,0.9107,3,1
2014,new mexico,New Mexico,new mexico,7,R64,1301.0,RANK_MATCH,112.8,95.7,17.1,0.8693,,0
2014,colorado,Colorado,colorado,8,R64,1160.0,RANK_MATCH,106.9,96.0,10.9,0.774,,0
2014,kansas state,Kansas St.,kansas state,9,R64,1433.0,RANK_MATCH,107.9,92.9,15.0,0.8473,,0
2014,oklahoma state,Oklahoma St.,oklahoma state,9,R64,1304.0,RANK_MATCH,115.6,94.8,20.8,0.9067,,0
2014,arizona state,Arizona St.,arizona state,10,R64,1409.0,RANK_MATCH,110.3,96.4,13.9,0.8252,,0
2014,brigham young,BYU,brigham young,10,R64,1243.0,RANK_MATCH,113.8,100.5,13.3,0.8078,,0
2014,saint josephs,Saint Joseph's,saint josephs,10,R64,1329.0,RANK_MATCH,113.8,97.5,16.3,0.8546,,0
2014,george washington,George Washington,george washington,11,R64,1264.0,RANK_MATCH,110.2,96.8,13.4,0.8151,,0
2014,nebraska,Nebraska,nebraska,11,R64,1269.0,RANK_MATCH,108.2,95.0,13.2,0.8172,,0
2014,providence,Providence,providence,11,R64,1344.0,RANK_MATCH,114.9,100.4,14.5,0.8249,,0
2014,north carolina st,North Carolina St.,north carolina st,12,R64,1203.0,RANK_MATCH,114.8,101.4,13.4,0.8066,,0
2014,delaware,Delaware,delaware,13,R64,1307.0,RANK_MATCH,110.7,106.0,4.7,0.6237,,0
2014,manhattan,Manhattan,manhattan,13,R64,1308.0,RANK_MATCH,106.2,96.4,9.8,0.7519,,0
2014,new mexico st,New Mexico St.,new mexico st,13,R64,1140.0,RANK_MATCH,111.6,102.0,9.6,0.7385,,0
2014,tulsa,Tulsa,tulsa,13,R64,1174.0,RANK_MATCH,105.6,95.8,9.8,0.7537,,0
2014,louisiana lafayette,Louisiana Lafayette,louisiana lafayette,14,R64,1454.0,RANK_MATCH,110.5,104.5,6.0,0.6557,,0
2014,north carolina central,North Carolina Central,north carolina central,14,R64,1418.0,RANK_MATCH,107.9,100.2,7.7,0.7018,,0
2014,western michigan,Western Michigan,western michigan,14,R64,1300.0,RANK_MATCH,104.7,102.5,2.2,0.5605,,0
2014,american,American,american,15,R64,1110.0,RANK_MATCH,101.8,97.7,4.1,0.6178,,0
2014,eastern kentucky,Eastern Kentucky,eastern kentucky,15,R64,1113.0,RANK_MATCH,112.1,107.5,4.6,0.6177,,0
2014,milwaukee,Milwaukee,milwaukee,15,R64,1184.0,RANK_MATCH,104.3,103.9,0.4,0.5123,,0
2014,wofford,Wofford,wofford,15,R64,1459.0,RANK_MATCH,99.7,102.2,-2.5,0.4275,,0
2014,albany,Albany,albany,16,R64,1157.0,RANK_MATCH,102.8,103.1,-0.3,0.49,,0
2014,california poly,Cal Poly,california poly,16,R64,1107.0,RANK_MATCH,102.0,104.4,-2.4,0.4356,,0
2014,coastal carolina,Coastal Carolina,coastal carolina,16,R64,1142.0,RANK_MATCH,98.3,102.0,-3.7,0.3946,,0
2014,weber st,Weber St.,weber st,16,R64,1451.0,RANK_MATCH,106.0,106.6,-0.6,0.4831,,0
2013,georgetown,Georgetown,georgetown,2,R64,1207.0,RANK_MATCH,107.6,85.0,22.6,0.9381,,0
2013,new mexico,New Mexico,new mexico,3,R64,1329.0,RANK_MATCH,107.0,91.1,15.9,0.8641,,0
2013,kansas state,Kansas St.,kansas state,4,R64,1243.0,RANK_MATCH,113.4,94.5,18.9,0.8896,,0
2013,wisconsin,Wisconsin,wisconsin,5,R64,1458.0,CONFIRMED,107.2,84.3,22.9,0.9406,,0
2013,oklahoma state,Oklahoma St.,oklahoma state,5,R64,1424.0,RANK_MATCH,107.1,88.6,18.5,0.8983,,0
2013,nevada las vegas,UNLV,nevada las vegas,5,R64,1322.0,RANK_MATCH,104.7,88.4,16.3,0.8749,,0
2013,california los angeles,UCLA,california los angeles,6,R64,1417.0,RANK_MATCH,110.0,94.8,15.2,0.8475,,0
2013,notre dame,Notre Dame,notre dame,7,R64,1323.0,RANK_MATCH,112.9,95.4,17.5,0.8748,,0
2013,pittsburgh,Pittsburgh,pittsburgh,8,R64,1301.0,RANK_MATCH,112.8,91.1,21.7,0.9217,,0
2013,north carolina st,North Carolina St.,north carolina st,8,R64,1338.0,RANK_MATCH,115.2,98.0,17.2,0.865,,0
2013,villanova,Villanova,villanova,9,R64,1307.0,RANK_MATCH,105.3,90.5,14.8,0.8507,,0
2013,missouri,Missouri,missouri,9,R64,1281.0,RANK_MATCH,113.3,95.2,18.1,0.8815,,0
2013,oklahoma,Oklahoma,oklahoma,10,R64,1328.0,RANK_MATCH,110.3,95.6,14.7,0.8391,,0
2013,colorado,Colorado,colorado,10,R64,1437.0,RANK_MATCH,104.9,90.2,14.7,0.8513,,0
2013,cincinnati,Cincinnati,cincinnati,10,R64,1160.0,RANK_MATCH,104.5,88.3,16.2,0.873,12,1
2013,belmont,Belmont,belmont,11,R64,1137.0,RANK_MATCH,108.9,96.2,12.7,0.8064,,0
2013,bucknell,Bucknell,bucknell,11,R64,1125.0,RANK_MATCH,104.7,93.1,11.6,0.7936,,0
2013,saint marys,Saint Mary's,saint marys,11,R64,1388.0,RANK_MATCH,113.9,94.9,19.0,0.891,,0
2013,akron,Akron,akron,12,R64,1103.0,RANK_MATCH,103.4,94.4,9.0,0.7402,,0
2013,south dakota st,South Dakota St.,south dakota st,13,R64,1308.0,RANK_MATCH,109.7,103.7,6.0,0.6573,,0
2013,montana,Montana,montana,13,R64,1355.0,RANK_MATCH,101.6,101.8,-0.2,0.4929,,0
2013,new mexico st,New Mexico St.,new mexico st,13,R64,1285.0,RANK_MATCH,102.5,95.3,7.2,0.6992,,0
2013,northwestern st,Northwestern St.,northwestern st,14,R64,1153.0,RANK_MATCH,104.8,102.1,2.7,0.573,,0
2013,davidson,Davidson,davidson,14,R64,1172.0,RANK_MATCH,110.6,98.3,12.3,0.7959,,0
2013,valparaiso,Valparaiso,valparaiso,14,R64,1434.0,RANK_MATCH,107.8,97.9,9.9,0.7514,,0
2013,pacific,Pacific,pacific,15,R64,1233.0,RANK_MATCH,104.7,101.1,3.6,0.5991,,0
2013,iona,Iona,iona,15,R64,1334.0,RANK_MATCH,112.8,105.0,7.8,0.6956,,0
2013,albany,Albany,albany,15,R64,1107.0,RANK_MATCH,101.2,98.7,2.5,0.5722,,0
2013,western kentucky,Western Kentucky,western kentucky,16,R64,1380.0,RANK_MATCH,100.1,100.4,-0.3,0.4895,,0
2013,north carolina at,North Carolina A&T,north carolina at,16,R64,1241.0,RANK_MATCH,90.6,95.7,-5.1,0.3459,,0
2013,southern,Southern,southern,16,R64,1299.0,RANK_MATCH,95.9,96.7,-0.8,0.475,,0
2013,james madison,James Madison,james madison,16,R64,1443.0,RANK_MATCH,98.5,99.4,-0.9,0.4736,,0
2017,wake forest,Wake Forest,wake forest,11,R68,,UNMATCHED,122.4,102.6,19.8,0.8831,,0
2016,tulsa,Tulsa,tulsa,11,R68,1435.0,RANK_MATCH,109.5,99.6,9.9,0.7486,,0
2019,temple,Temple,temple,11,R68,,UNMATCHED,109.4,97.6,11.8,0.7866,,0
2015,north florida,North Florida,north florida,16,R68,1264.0,RANK_MATCH,105.2,105.0,0.2,0.5063,,0
2017,providence,Providence,providence,11,R68,,UNMATCHED,108.3,94.5,13.8,0.8278,,0
2019,saint johns,St. John's,saint johns,11,R68,,UNMATCHED,107.4,99.5,7.9,0.7067,,0
2015,manhattan,Manhattan,manhattan,16,R68,1316.0,RANK_MATCH,100.2,99.4,0.8,0.5238,,0
2017,north carolina central,North Carolina Central,north carolina central,16,R68,,UNMATCHED,101.4,101.3,0.1,0.5043,,0
2018,north carolina central,North Carolina Central,north carolina central,16,R68,,UNMATCHED,95.0,110.3,-15.3,0.1522,,0
2019,north carolina central,North Carolina Central,north carolina central,16,R68,,UNMATCHED,98.0,108.3,-10.3,0.2414,,0
2015,boise st,Boise St.,boise st,11,R68,1129.0,RANK_MATCH,109.5,96.0,13.5,0.821,,0
2016,fairleigh dickinson,Fairleigh Dickinson,fairleigh dickinson,16,R68,1380.0,RANK_MATCH,103.0,115.6,-12.6,0.209,,0
2018,liu brooklyn,LIU Brooklyn,liu brooklyn,16,R68,,UNMATCHED,101.9,109.9,-8.0,0.2937,,0
2018,arizona state,Arizona St.,arizona state,11,R68,,UNMATCHED,115.7,102.1,13.6,0.8089,,0
2018,california los angeles,UCLA,california los angeles,11,R68,,UNMATCHED,113.7,100.6,13.1,0.8029,,0
2016,vanderbilt,Vanderbilt,vanderbilt,11,R68,1409.0,RANK_MATCH,114.5,93.2,21.3,0.9148,,0
2017,new orleans,New Orleans,new orleans,16,R68,,UNMATCHED,99.6,101.2,-1.6,0.4538,,0
2016,southern,Southern,southern,16,R68,1192.0,RANK_MATCH,98.9,106.2,-7.3,0.3065,,0
2019,prairie view am,Prairie View A&M,prairie view am,16,R68,,UNMATCHED,101.7,105.7,-4.0,0.3911,,0
2015,brigham young,BYU,brigham young,11,R68,1140.0,RANK_MATCH,118.3,100.3,18.0,0.8699,,0
2014,iowa,Iowa,iowa,11,R68,1234.0,RANK_MATCH,121.2,99.2,22.0,0.9089,,0
2014,xavier,Xavier,xavier,12,R68,1462.0,RANK_MATCH,112.0,99.5,12.5,0.7965,,0
2014,mount st marys,Mount St. Mary's,mount st marys,16,R68,1411.0,RANK_MATCH,107.1,111.0,-3.9,0.3986,,0
2014,texas southern,Texas Southern,texas southern,16,R68,1291.0,RANK_MATCH,106.1,112.9,-6.8,0.3293,,0
2013,middle tennessee state,Middle Tennessee,middle tennessee state,11,R68,1292.0,RANK_MATCH,105.1,91.0,14.1,0.8396,,0
2013,boise st,Boise St.,boise st,13,R68,1129.0,RANK_MATCH,112.0,97.4,14.6,0.8332,,0
2013,liu brooklyn,LIU Brooklyn,liu brooklyn,16,R68,1254.0,RANK_MATCH,108.1,111.2,-3.1,0.4195,,0
2013,liberty,Liberty,liberty,16,R68,1251.0,RANK_MATCH,100.1,109.7,-9.6,0.2591,,0
2015,north carolina,North Carolina,north carolina,4,S16,1314.0,RANK_MATCH,119.6,92.5,27.1,0.9507,9,1
2015,north carolina st,North Carolina St.,north carolina st,8,S16,1301.0,RANK_MATCH,114.1,96.8,17.3,0.8684,,0
2016,duke,Duke,duke,4,S16,1181.0,CONFIRMED,121.2,98.9,22.3,0.9122,,0
2016,miami florida,Miami FL,miami florida,3,S16,1211.0,RANK_MATCH,119.4,96.5,22.9,0.9203,11,1
2018,clemson,Clemson,clemson,5,S16,1448.0,RANK_MATCH,112.5,93.1,19.4,0.8984,,0
2018,syracuse,Syracuse,syracuse,11,S16,3005.0,RANK_MATCH,106.0,92.1,13.9,0.8344,,0
2019,florida state,Florida St.,florida state,4,S16,3015.0,RANK_MATCH,111.7,90.9,20.8,0.9146,,0
2019,north carolina,North Carolina,north carolina,1,S16,1437.0,RANK_MATCH,120.1,91.4,28.7,0.9582,,0
2019,virginia tech,Virginia Tech,virginia tech,4,S16,1261.0,RANK_MATCH,117.8,93.4,24.4,0.9357,,0
2019,houston,Houston,houston,3,S16,1173.0,RANK_MATCH,115.7,90.5,25.2,0.9439,,0
2016,indiana,Indiana,indiana,5,S16,1235.0,RANK_MATCH,121.3,98.4,22.9,0.9168,,0
2016,maryland,Maryland,maryland,5,S16,1401.0,RANK_MATCH,114.9,96.3,18.6,0.8839,,0
2016,wisconsin,Wisconsin,wisconsin,7,S16,1458.0,CONFIRMED,108.8,93.5,15.3,0.8509,,0
2017,michigan,Michigan,michigan,7,S16,1173.0,RANK_MATCH,123.3,97.6,25.7,0.9366,,0
2017,purdue,Purdue,purdue,4,S16,1181.0,RANK_MATCH,116.6,93.1,23.5,0.9297,,0
2017,wisconsin,Wisconsin,wisconsin,8,S16,1448.0,RANK_MATCH,114.5,92.0,22.5,0.9255,,0
2018,purdue,Purdue,purdue,2,S16,1181.0,RANK_MATCH,123.2,95.7,27.5,0.9484,,0
2019,michigan,Michigan,michigan,2,S16,1199.0,RANK_MATCH,114.6,85.6,29.0,0.9665,,0
2015,oklahoma,Oklahoma,oklahoma,3,S16,1328.0,RANK_MATCH,111.6,88.5,23.1,0.9349,,0
2015,west virginia,West Virginia,west virginia,5,S16,1428.0,RANK_MATCH,110.3,93.3,17.0,0.8733,,0
2016,iowa state,Iowa St.,iowa state,3,S16,1231.0,RANK_MATCH,121.4,98.6,22.8,0.9162,,0
2017,baylor,Baylor,baylor,3,S16,1345.0,RANK_MATCH,116.4,93.9,22.5,0.9226,,0
2017,west virginia,West Virginia,west virginia,4,S16,1452.0,RANK_MATCH,115.4,89.3,26.1,0.9498,,0
2018,west virginia,West Virginia,west virginia,5,S16,3003.0,RANK_MATCH,120.9,95.8,25.1,0.9353,,0
2015,xavier,Xavier,xavier,6,S16,1462.0,RANK_MATCH,115.7,95.1,20.6,0.9049,,0
2017,butler,Butler,butler,4,S16,1211.0,RANK_MATCH,117.7,96.9,20.8,0.9038,,0
2015,wichita st,Wichita St.,wichita st,7,S16,1455.0,RANK_MATCH,114.3,91.5,22.8,0.9277,,0
2018,nevada,Nevada,nevada,7,S16,1112.0,RANK_MATCH,118.9,102.5,16.4,0.8462,,0
2015,california los angeles,UCLA,california los angeles,11,S16,1417.0,RANK_MATCH,111.8,96.6,15.2,0.8425,,0
2015,utah,Utah,utah,5,S16,1452.0,RANK_MATCH,114.9,88.7,26.2,0.9513,10,1
2017,arizona,Arizona,arizona,2,S16,1196.0,RANK_MATCH,117.6,95.6,22.0,0.9157,,0
2017,california los angeles,UCLA,california los angeles,3,S16,1433.0,RANK_MATCH,122.8,99.6,23.2,0.9175,,0
2019,oregon,Oregon,oregon,12,S16,1417.0,RANK_MATCH,108.1,91.7,16.4,0.8687,,0
2016,texas am,Texas A&M,texas am,3,S16,1268.0,RANK_MATCH,113.0,92.2,20.8,0.9126,8,1
2018,kentucky,Kentucky,kentucky,5,S16,1326.0,RANK_MATCH,115.8,95.6,20.2,0.9,,0
2018,texas am,Texas A&M,texas am,7,S16,1452.0,RANK_MATCH,111.2,94.7,16.5,0.864,,0
2019,louisiana state,LSU,louisiana state,3,S16,3003.0,RANK_MATCH,117.9,96.6,21.3,0.9081,,0
2019,tennessee,Tennessee,tennessee,2,S16,1397.0,RANK_MATCH,122.8,95.2,27.6,0.9488,,0
2016,gonzaga,Gonzaga,gonzaga,11,S16,1274.0,RANK_MATCH,117.4,94.5,22.9,0.9238,,0
2018,gonzaga,Gonzaga,gonzaga,4,S16,1345.0,RANK_MATCH,117.2,94.9,22.3,0.9192,,0
2014,virginia,Virginia,virginia,1,S16,1438.0,RANK_MATCH,114.6,89.5,25.1,0.9449,,0
2014,iowa state,Iowa St.,iowa state,3,S16,1235.0,RANK_MATCH,118.6,98.8,19.8,0.8903,,0
2014,louisville,Louisville,louisville,4,S16,1257.0,CONFIRMED,118.8,87.6,31.2,0.971,6,1
2014,san diego st,San Diego St.,san diego st,4,S16,1361.0,RANK_MATCH,109.4,90.7,18.7,0.896,,0
2014,california los angeles,UCLA,california los angeles,4,S16,1417.0,RANK_MATCH,119.0,96.6,22.4,0.9167,,0
2014,baylor,Baylor,baylor,6,S16,1124.0,RANK_MATCH,119.2,99.5,19.7,0.8885,,0
2014,stanford,Stanford,stanford,10,S16,1390.0,RANK_MATCH,111.7,96.5,15.2,0.8436,,0
2014,tennessee,Tennessee,tennessee,11,S16,1397.0,RANK_MATCH,118.1,93.4,24.7,0.9374,,0
2013,indiana,Indiana,indiana,1,S16,1231.0,RANK_MATCH,121.0,89.7,31.3,0.9692,1,1
2013,kansas,Kansas,kansas,1,S16,1242.0,CONFIRMED,111.6,86.2,25.4,0.9514,,0
2013,miami florida,Miami FL,miami florida,2,S16,1274.0,RANK_MATCH,112.4,90.8,21.6,0.9207,,0
2013,michigan state,Michigan St.,michigan state,3,S16,1277.0,RANK_MATCH,111.4,87.8,23.6,0.9392,,0
2013,arizona,Arizona,arizona,6,S16,1112.0,RANK_MATCH,114.4,92.2,22.2,0.9229,6,1
2013,oregon,Oregon,oregon,12,S16,1332.0,RANK_MATCH,104.8,88.6,16.2,0.8728,,0
2013,la salle,La Salle,la salle,13,S16,1247.0,RANK_MATCH,112.0,96.2,15.8,0.8516,,0
2013,florida gulf coast,Florida Gulf Coast,florida gulf coast,15,S16,1195.0,RANK_MATCH,103.4,96.3,7.1,0.6952,,0
2021,michigan,Michigan,michigan,1,E8,3005.0,RANK_MATCH,118.1,91.1,27.0,0.9521,,0
2021,baylor,Baylor,baylor,1,Champions,1332.0,CONFIRMED,123.2,94.5,28.7,0.9548,,0
2021,illinois,Illinois,illinois,1,R32,,UNMATCHED,117.7,90.4,27.3,0.9539,,0
2021,gonzaga,Gonzaga,gonzaga,1,2ND,3003.0,CONFIRMED,125.4,89.8,35.6,0.9791,,0
2021,iowa,Iowa,iowa,2,R32,,UNMATCHED,123.5,95.7,27.8,0.9491,,0
2021,ohio state,Ohio St.,ohio state,2,R64,,UNMATCHED,122.1,97.0,25.1,0.934,,0
2021,houston,Houston,houston,2,F4,1437.0,RANK_MATCH,120.6,90.9,29.7,0.9626,,0
2021,alabama,Alabama,alabama,2,S16,1348.0,RANK_MATCH,111.0,88.1,22.9,0.9343,,0
2021,west virginia,West Virginia,west virginia,3,R32,,UNMATCHED,115.9,95.3,20.6,0.9046,,0
2021,texas,Texas,texas,3,R64,,UNMATCHED,113.8,93.5,20.3,0.9058,,0
2021,kansas,Kansas,kansas,3,R32,,UNMATCHED,108.5,90.0,18.5,0.8964,,0
2021,arkansas,Arkansas,arkansas,3,E8,1124.0,RANK_MATCH,110.4,91.2,19.2,0.8997,,0
2021,florida state,Florida St.,florida state,4,S16,1266.0,RANK_MATCH,117.8,94.0,23.8,0.9305,,0
2021,virginia,Virginia,virginia,4,R64,,UNMATCHED,114.6,93.9,20.7,0.9079,,0
2021,purdue,Purdue,purdue,4,R64,,UNMATCHED,112.4,92.9,19.5,0.8994,,0
2021,oklahoma state,Oklahoma St.,oklahoma state,4,R32,,UNMATCHED,109.3,92.3,17.0,0.875,,0
2021,villanova,Villanova,villanova,5,S16,1211.0,RANK_MATCH,117.9,96.7,21.2,0.9076,,0
2021,tennessee,Tennessee,tennessee,5,R64,,UNMATCHED,108.8,89.2,19.6,0.9072,,0
2021,creighton,Creighton,creighton,5,S16,1160.0,RANK_MATCH,114.4,94.3,20.1,0.9025,,0
2021,colorado,Colorado,colorado,5,R32,,UNMATCHED,113.7,93.5,20.2,0.9045,,0
2021,texas tech,Texas Tech,texas tech,6,R32,,UNMATCHED,112.3,92.2,20.1,0.9057,,0
2021,brigham young,BYU,brigham young,6,R64,,UNMATCHED,112.8,93.3,19.5,0.8991,,0
2021,southern california,USC,southern california,6,E8,1173.0,RANK_MATCH,112.0,92.0,20.0,0.9052,,0
2021,san diego st,San Diego St.,san diego st,6,R64,,UNMATCHED,111.1,90.0,21.1,0.9191,,0
2021,florida,Florida,florida,7,R32,,UNMATCHED,110.6,93.4,17.2,0.8748,,0
2021,connecticut,Connecticut,connecticut,7,R64,,UNMATCHED,114.6,92.8,21.8,0.9188,,0
2021,clemson,Clemson,clemson,7,R64,,UNMATCHED,105.9,91.9,14.0,0.8374,,0
2021,oregon,Oregon,oregon,7,S16,1242.0,RANK_MATCH,113.1,98.2,14.9,0.835,,0
2021,oklahoma,Oklahoma,oklahoma,8,R32,,UNMATCHED,111.0,94.5,16.5,0.8642,,0
2021,north carolina,North Carolina,north carolina,8,R64,,UNMATCHED,108.8,91.6,17.2,0.8777,,0
2021,louisiana state,LSU,louisiana state,8,R32,,UNMATCHED,119.3,99.8,19.5,0.8868,,0
2021,loyola chicago,Loyola Chicago,loyola chicago,8,S16,1333.0,RANK_MATCH,108.5,88.3,20.2,0.9136,,0
2021,st bonaventure,St. Bonaventure,st bonaventure,9,R64,,UNMATCHED,111.1,92.9,18.2,0.8864,,0
2021,missouri,Missouri,missouri,9,R64,,UNMATCHED,111.3,95.0,16.3,0.8599,,0
2021,wisconsin,Wisconsin,wisconsin,9,R32,,UNMATCHED,111.3,90.4,20.9,0.9163,,0
2021,georgia tech,Georgia Tech,georgia tech,9,R64,,UNMATCHED,113.0,94.8,18.2,0.882,,0
2021,rutgers,Rutgers,rutgers,10,R32,,UNMATCHED,106.7,91.9,14.8,0.847,,0
2021,virginia tech,Virginia Tech,virginia tech,10,R64,,UNMATCHED,109.3,94.5,14.8,0.8426,,0
2021,maryland,Maryland,maryland,10,R32,,UNMATCHED,110.0,93.0,17.0,0.8735,,0
2021,virginia commonwealth,VCU,virginia commonwealth,10,R64,,UNMATCHED,104.6,89.7,14.9,0.854,,0
2021,michigan state,Michigan St.,michigan state,11,R68,,UNMATCHED,105.8,93.5,12.3,0.8054,,0
2021,wichita st,Wichita St.,wichita st,11,R68,,UNMATCHED,109.6,98.1,11.5,0.7823,,0
2021,syracuse,Syracuse,syracuse,11,S16,1199.0,RANK_MATCH,112.8,97.6,15.2,0.8402,,0
2021,california los angeles,UCLA,california los angeles,11,F4,3001.0,RANK_MATCH,112.3,97.5,14.8,0.835,,0
2021,utah state,Utah St.,utah state,11,R64,,UNMATCHED,105.2,90.0,15.2,0.8569,,0
2021,drake,Drake,drake,11,R64,,UNMATCHED,111.8,101.6,10.2,0.7508,,0
2021,georgetown,Georgetown,georgetown,12,R64,,UNMATCHED,108.5,93.2,15.3,0.8516,,0
2021,oregon state,Oregon St.,oregon state,12,E8,1393.0,RANK_MATCH,108.5,99.6,8.9,0.7289,,0
2021,california santa barbara,UC Santa Barbara,california santa barbara,12,R64,,UNMATCHED,107.9,97.6,10.3,0.7615,,0
2021,winthrop,Winthrop,winthrop,12,R64,,UNMATCHED,104.2,96.9,7.3,0.6975,,0
2021,ohio,Ohio,ohio,13,R32,,UNMATCHED,111.9,100.7,11.2,0.7715,,0
2021,north texas,North Texas,north texas,13,R32,,UNMATCHED,104.4,94.6,9.8,0.7578,,0
2021,unc greensboro,UNC Greensboro,unc greensboro,13,R64,,UNMATCHED,102.3,97.5,4.8,0.6353,,0
2021,liberty,Liberty,liberty,13,R64,,UNMATCHED,109.1,101.5,7.6,0.6969,,0
2021,colgate,Colgate,colgate,14,R64,,UNMATCHED,110.8,100.0,10.8,0.7641,,0
2021,eastern washington,Eastern Washington,eastern washington,14,R64,,UNMATCHED,107.7,101.1,6.6,0.6729,,0
2021,abilene christian,Abilene Christian,abilene christian,14,R32,,UNMATCHED,101.8,94.7,7.1,0.6977,,0
2021,morehead st,Morehead St.,morehead st,14,R64,,UNMATCHED,99.3,96.7,2.6,0.5778,,0
2021,iona,Iona,iona,15,R64,,UNMATCHED,101.1,99.5,1.6,0.545,,0
2021,oral roberts,Oral Roberts,oral roberts,15,S16,3035.0,RANK_MATCH,107.0,107.1,-0.1,0.4981,,0
2021,grand canyon,Grand Canyon,grand canyon,15,R64,,UNMATCHED,102.7,96.0,6.7,0.6852,,0
2021,cleveland st,Cleveland St.,cleveland st,15,R64,,UNMATCHED,99.9,100.7,-0.8,0.4785,,0
2021,drexel,Drexel,drexel,16,R64,,UNMATCHED,107.9,105.0,2.9,0.5768,,0
2021,mount st marys,Mount St. Mary's,mount st marys,16,R68,,UNMATCHED,95.7,100.6,-4.9,0.3593,,0
2021,hartford,Hartford,hartford,16,R64,,UNMATCHED,97.3,99.6,-2.3,0.4345,,0
2021,norfolk st,Norfolk St.,norfolk st,16,R64,,UNMATCHED,99.4,104.1,-4.7,0.3698,,0
2021,texas southern,Texas Southern,texas southern,16,R64,,UNMATCHED,97.3,103.5,-6.2,0.3307,,0
2021,appalachian st,Appalachian St.,appalachian st,16,R68,,UNMATCHED,99.0,104.4,-5.4,0.3512,,0
2022,gonzaga,Gonzaga,gonzaga,1,S16,1332.0,RANK_MATCH,120.3,89.9,30.4,0.9662,,0
2022,kansas,Kansas,kansas,1,Champions,1242.0,CONFIRMED,119.8,91.3,28.5,0.958,,0
2022,baylor,Baylor,baylor,1,R32,1348.0,RANK_MATCH,117.8,91.3,26.5,0.9491,,0
2022,arizona,Arizona,arizona,1,S16,1462.0,RANK_MATCH,118.0,93.7,24.3,0.9341,,0
2022,duke,Duke,duke,2,F4,1112.0,RANK_MATCH,122.7,96.0,26.7,0.944,,0
2022,villanova,Villanova,villanova,2,F4,1116.0,RANK_MATCH,117.2,93.0,24.2,0.9346,,0
2022,kentucky,Kentucky,kentucky,2,R64,,UNMATCHED,119.4,95.4,24.0,0.9295,,0
2022,auburn,Auburn,auburn,2,R32,1326.0,RANK_MATCH,111.7,90.0,21.7,0.9228,,0
2022,texas tech,Texas Tech,texas tech,3,S16,1403.0,CONFIRMED,110.5,85.4,25.1,0.9509,,0
2022,tennessee,Tennessee,tennessee,3,R32,3015.0,RANK_MATCH,111.3,87.1,24.2,0.9439,,0
2022,purdue,Purdue,purdue,3,S16,1345.0,RANK_MATCH,121.6,97.5,24.1,0.9267,,0
2022,wisconsin,Wisconsin,wisconsin,3,R32,1274.0,RANK_MATCH,108.7,93.4,15.3,0.8511,,0
2022,california los angeles,UCLA,california los angeles,4,S16,1235.0,RANK_MATCH,115.8,92.2,23.6,0.9321,,0
2022,illinois,Illinois,illinois,4,R32,1181.0,RANK_MATCH,111.9,93.0,18.9,0.8943,,0
2022,arkansas,Arkansas,arkansas,4,E8,1458.0,RANK_MATCH,108.7,90.7,18.0,0.8894,,0
2022,providence,Providence,providence,4,S16,1124.0,RANK_MATCH,111.4,95.5,15.9,0.8554,,0
2022,houston,Houston,houston,5,E8,1257.0,RANK_MATCH,116.5,88.5,28.0,0.9595,,0
2022,iowa,Iowa,iowa,5,R64,,UNMATCHED,121.1,97.2,23.9,0.9265,,0
2022,saint marys,Saint Mary's,saint marys,5,R32,1439.0,RANK_MATCH,109.8,90.5,19.3,0.9024,,0
2022,connecticut,Connecticut,connecticut,5,R64,,UNMATCHED,113.2,95.9,17.3,0.8709,,0
2022,texas,Texas,texas,6,R32,1268.0,RANK_MATCH,112.5,91.5,21.0,0.9152,,0
2022,louisiana state,LSU,louisiana state,6,R64,,UNMATCHED,106.3,89.6,16.7,0.8766,,0
2022,alabama,Alabama,alabama,6,R64,,UNMATCHED,115.2,98.3,16.9,0.8612,,0
2022,colorado state,Colorado St.,colorado state,6,R64,,UNMATCHED,111.9,98.1,13.8,0.819,,0
2022,ohio state,Ohio St.,ohio state,7,R32,1278.0,RANK_MATCH,115.5,98.5,17.0,0.8612,,0
2022,michigan state,Michigan St.,michigan state,7,R32,1397.0,RANK_MATCH,111.6,96.6,15.0,0.8405,,0
2022,murray st,Murray St.,murray st,7,R32,1234.0,RANK_MATCH,110.0,96.2,13.8,0.8241,,0
2022,southern california,USC,southern california,7,R64,,UNMATCHED,108.6,96.2,12.4,0.8021,,0
2022,north carolina,North Carolina,north carolina,8,2ND,1211.0,CONFIRMED,114.4,93.5,20.9,0.9113,,0
2022,san diego st,San Diego St.,san diego st,8,R64,,UNMATCHED,102.4,86.9,15.5,0.8675,,0
2022,boise st,Boise St.,boise st,8,R64,,UNMATCHED,107.6,92.9,14.7,0.8434,,0
2022,seton hall,Seton Hall,seton hall,8,R64,,UNMATCHED,105.4,93.4,12.0,0.8,,0
2022,memphis,Memphis,memphis,9,R32,1361.0,RANK_MATCH,112.4,92.6,19.8,0.9028,,0
2022,texas christian,TCU,texas christian,9,R32,1272.0,RANK_MATCH,108.6,92.1,16.5,0.8698,,0
2022,creighton,Creighton,creighton,9,R32,3009.0,RANK_MATCH,104.8,92.1,12.7,0.8151,,0
2022,marquette,Marquette,marquette,9,R64,,UNMATCHED,107.7,96.5,11.2,0.7787,,0
2022,san francisco,San Francisco,san francisco,10,R64,,UNMATCHED,110.2,93.0,17.2,0.8748,,0
2022,miami florida,Miami FL,miami florida,10,E8,1437.0,RANK_MATCH,113.6,97.9,15.7,0.8467,,0
2022,loyola chicago,Loyola Chicago,loyola chicago,10,R64,,UNMATCHED,106.9,92.3,14.6,0.8439,,0
2022,davidson,Davidson,davidson,10,R64,,UNMATCHED,115.8,101.1,14.7,0.8258,,0
2022,virginia tech,Virginia Tech,virginia tech,11,R64,,UNMATCHED,115.6,95.2,20.4,0.9028,,0
2022,michigan,Michigan,michigan,11,S16,3003.0,RANK_MATCH,113.9,96.2,17.7,0.8741,,0
2022,notre dame,Notre Dame,notre dame,11,R32,3005.0,RANK_MATCH,112.8,96.7,16.1,0.8542,,0
2022,iowa state,Iowa St.,iowa state,11,S16,1173.0,RANK_MATCH,101.7,88.4,13.3,0.8346,,0
2022,rutgers,Rutgers,rutgers,11,R68,,UNMATCHED,106.6,96.3,10.3,0.7629,,0
2022,indiana,Indiana,indiana,12,R64,,UNMATCHED,107.7,91.6,16.1,0.8652,,0
2022,alabama birmingham,UAB,alabama birmingham,12,R64,,UNMATCHED,111.8,99.1,12.7,0.8001,,0
2022,wyoming,Wyoming,wyoming,12,R68,,UNMATCHED,107.9,97.3,10.6,0.7661,,0
2022,new mexico st,New Mexico St.,new mexico st,12,R32,3042.0,RANK_MATCH,106.0,96.0,10.0,0.7579,,0
2022,richmond,Richmond,richmond,12,R32,1195.0,RANK_MATCH,106.9,99.1,7.8,0.7071,,0
2022,vermont,Vermont,vermont,13,R64,,UNMATCHED,109.7,97.3,12.4,0.7984,,0
2022,chattanooga,Chattanooga,chattanooga,13,R64,,UNMATCHED,107.3,97.3,10.0,0.7557,,0
2022,south dakota st,South Dakota St.,south dakota st,13,R64,,UNMATCHED,114.1,103.5,10.6,0.7542,,0
2022,akron,Akron,akron,13,R64,,UNMATCHED,105.5,101.7,3.8,0.6041,,0
2022,colgate,Colgate,colgate,14,R64,,UNMATCHED,107.0,103.2,3.8,0.6026,,0
2022,longwood,Longwood,longwood,14,R64,,UNMATCHED,105.7,103.7,2.0,0.5541,,0
2022,yale,Yale,yale,14,R64,,UNMATCHED,99.4,97.9,1.5,0.5449,,0
2022,montana st,Montana St.,montana st,14,R64,,UNMATCHED,103.6,102.5,1.1,0.5308,,0
2022,saint peters,Saint Peter's,saint peters,15,E8,3045.0,RANK_MATCH,99.4,93.1,6.3,0.6786,,0
2022,delaware,Delaware,delaware,15,R64,,UNMATCHED,106.5,103.2,3.3,0.5908,,0
2022,jacksonville st,Jacksonville St.,jacksonville st,15,R64,,UNMATCHED,104.5,102.2,2.3,0.5638,,0
2022,cal st fullerton,Cal St. Fullerton,cal st fullerton,15,R64,,UNMATCHED,102.0,103.1,-1.1,0.4675,,0
2022,georgia st,Georgia St.,georgia st,16,R64,,UNMATCHED,101.9,98.4,3.5,0.5983,,0
2022,bryant,Bryant,bryant,16,R68,,UNMATCHED,102.9,104.1,-1.2,0.4651,,0
2022,wright st,Wright St.,wright st,16,R64,,UNMATCHED,104.8,106.2,-1.4,0.4613,,0
2022,texas southern,Texas Southern,texas southern,16,R64,,UNMATCHED,96.3,98.5,-2.2,0.4356,,0
2022,norfolk st,Norfolk St.,norfolk st,16,R64,,UNMATCHED,100.7,103.0,-2.3,0.4342,,0
2022,texas am corpus chris,Texas A&M Corpus Chris,texas am corpus chris,16,R68,,UNMATCHED,96.4,102.8,-6.4,0.3223,,0
2023,kansas,Kansas,kansas,1,R32,1242.0,CONFIRMED,113.8,92.3,21.5,0.9177,,0
2023,purdue,Purdue,purdue,1,R64,,UNMATCHED,117.9,93.7,24.2,0.9333,,0
2023,alabama,Alabama,alabama,1,S16,1116.0,RANK_MATCH,116.1,89.0,27.1,0.9548,,0
2023,houston,Houston,houston,1,S16,1435.0,RANK_MATCH,117.3,90.3,27.0,0.9532,,0
2023,texas,Texas,texas,2,E8,1344.0,RANK_MATCH,116.1,91.8,24.3,0.9371,,0
2023,marquette,Marquette,marquette,2,R32,3003.0,RANK_MATCH,118.7,96.0,22.7,0.9197,,0
2023,arizona,Arizona,arizona,2,R64,,UNMATCHED,119.4,95.4,24.0,0.9292,,0
2023,california los angeles,UCLA,california los angeles,2,S16,3047.0,RANK_MATCH,114.9,88.5,26.4,0.9528,,0
2023,kansas state,Kansas St.,kansas state,3,E8,1437.0,RANK_MATCH,112.6,94.7,17.9,0.8803,,0
2023,gonzaga,Gonzaga,gonzaga,3,E8,1268.0,RANK_MATCH,123.2,99.0,24.2,0.9251,,0
2023,baylor,Baylor,baylor,3,R32,1332.0,CONFIRMED,121.7,100.6,21.1,0.8991,,0
2023,xavier,Xavier,xavier,3,S16,1124.0,RANK_MATCH,118.0,98.5,19.5,0.889,,0
2023,connecticut,Connecticut,connecticut,4,Champions,1361.0,CONFIRMED,121.5,91.2,30.3,0.9643,,0
2023,indiana,Indiana,indiana,4,R32,1338.0,RANK_MATCH,113.1,96.9,16.2,0.8557,,0
2023,virginia,Virginia,virginia,4,R64,,UNMATCHED,110.0,94.0,16.0,0.8591,,0
2023,tennessee,Tennessee,tennessee,4,S16,1423.0,RANK_MATCH,111.2,87.5,23.7,0.9401,,0
2023,san diego st,San Diego St.,san diego st,5,2ND,1458.0,CONFIRMED,110.8,89.5,21.3,0.9205,,0
2023,miami florida,Miami FL,miami florida,5,F4,3005.0,RANK_MATCH,119.1,100.9,18.2,0.8715,,0
2023,saint marys,Saint Mary's,saint marys,5,R32,1276.0,RANK_MATCH,112.1,90.5,21.6,0.9213,,0
2023,duke,Duke,duke,5,R32,1181.0,CONFIRMED,113.3,92.9,20.4,0.9072,,0
2023,creighton,Creighton,creighton,6,E8,1425.0,RANK_MATCH,115.0,93.2,21.8,0.9177,,0
2023,kentucky,Kentucky,kentucky,6,R32,1329.0,RANK_MATCH,115.7,97.7,18.0,0.8738,,0
2023,texas christian,TCU,texas christian,6,R32,1231.0,RANK_MATCH,111.7,94.6,17.1,0.8704,,0
2023,iowa state,Iowa St.,iowa state,6,R64,,UNMATCHED,107.0,90.9,16.1,0.8678,,0
2023,northwestern,Northwestern,northwestern,7,R32,1323.0,RANK_MATCH,109.7,93.4,16.3,0.8642,,0
2023,missouri,Missouri,missouri,7,R32,3018.0,RANK_MATCH,117.5,104.5,13.0,0.7939,,0
2023,texas am,Texas A&M,texas am,7,R64,,UNMATCHED,113.8,95.7,18.1,0.8808,,0
2023,michigan state,Michigan St.,michigan state,7,S16,1397.0,RANK_MATCH,114.4,96.4,18.0,0.8771,,0
2023,maryland,Maryland,maryland,8,R32,1235.0,RANK_MATCH,112.6,95.8,16.8,0.8658,,0
2023,iowa,Iowa,iowa,8,R64,,UNMATCHED,119.9,103.9,16.0,0.8385,,0
2023,memphis,Memphis,memphis,8,R64,,UNMATCHED,115.4,95.0,20.4,0.903,,0
2023,arkansas,Arkansas,arkansas,8,S16,1112.0,RANK_MATCH,111.9,93.3,18.6,0.8894,,0
2023,florida atlantic,Florida Atlantic,florida atlantic,9,F4,3046.0,RANK_MATCH,114.0,95.8,18.2,0.8815,,0
2023,auburn,Auburn,auburn,9,R32,3006.0,RANK_MATCH,113.1,94.9,18.2,0.8829,,0
2023,west virginia,West Virginia,west virginia,9,R64,,UNMATCHED,117.2,97.5,19.7,0.8933,,0
2023,illinois,Illinois,illinois,9,R64,,UNMATCHED,108.9,95.4,13.5,0.8216,,0
2023,penn state,Penn St.,penn state,10,R32,1257.0,RANK_MATCH,117.5,100.7,16.8,0.8547,,0
2023,southern california,USC,southern california,10,R64,,UNMATCHED,111.8,97.4,14.4,0.8298,,0
2023,boise st,Boise St.,boise st,10,R64,,UNMATCHED,110.1,95.6,14.5,0.8361,,0
2023,utah state,Utah St.,utah state,10,R64,,UNMATCHED,115.4,98.0,17.4,0.867,,0
2023,pittsburgh,Pittsburgh,pittsburgh,11,R32,3048.0,RANK_MATCH,113.1,101.6,11.5,0.7743,,0
2023,providence,Providence,providence,11,R64,,UNMATCHED,114.9,101.2,13.7,0.8128,,0
2023,north carolina st,North Carolina St.,north carolina st,11,R64,,UNMATCHED,113.6,99.2,14.4,0.8272,,0
2023,arizona state,Arizona St.,arizona state,11,R64,,UNMATCHED,108.4,95.0,13.4,0.8207,,0
2023,mississippi state,Mississippi St.,mississippi state,11,R68,,UNMATCHED,103.4,91.8,11.6,0.7985,,0
2023,nevada,Nevada,nevada,11,R68,,UNMATCHED,109.7,99.5,10.2,0.7542,,0
2023,drake,Drake,drake,12,R64,,UNMATCHED,108.8,95.6,13.2,0.8155,,0
2023,virginia commonwealth,VCU,virginia commonwealth,12,R64,,UNMATCHED,105.5,93.4,12.1,0.8026,,0
2023,oral roberts,Oral Roberts,oral roberts,12,R64,,UNMATCHED,111.8,101.6,10.2,0.7487,,0
2023,college of charleston,College of Charleston,college of charleston,12,R64,,UNMATCHED,109.4,97.7,11.7,0.7865,,0
2023,furman,Furman,furman,13,R32,1234.0,RANK_MATCH,112.7,104.8,7.9,0.6984,,0
2023,louisiana lafayette,Louisiana Lafayette,louisiana lafayette,13,R64,,UNMATCHED,110.8,101.6,9.2,0.7299,,0
2023,iona,Iona,iona,13,R64,,UNMATCHED,110.3,98.3,12.0,0.7909,,0
2023,kent st,Kent St.,kent st,13,R64,,UNMATCHED,107.0,97.0,10.0,0.756,,0
2023,grand canyon,Grand Canyon,grand canyon,14,R64,,UNMATCHED,111.3,106.0,5.3,0.6388,,0
2023,montana st,Montana St.,montana st,14,R64,,UNMATCHED,105.1,98.2,6.9,0.6871,,0
2023,kennesaw st,Kennesaw St.,kennesaw st,14,R64,,UNMATCHED,105.6,100.3,5.3,0.6428,,0
2023,california santa barbara,UC Santa Barbara,california santa barbara,14,R64,,UNMATCHED,110.0,105.7,4.3,0.6126,,0
2023,vermont,Vermont,vermont,15,R64,,UNMATCHED,109.7,102.5,7.2,0.6873,,0
2023,colgate,Colgate,colgate,15,R64,,UNMATCHED,112.5,106.1,6.4,0.6607,,0
2023,unc asheville,UNC Asheville,unc asheville,15,R64,,UNMATCHED,102.3,103.5,-1.2,0.4657,,0
2023,princeton,Princeton,princeton,15,S16,1380.0,RANK_MATCH,109.1,101.0,8.1,0.7083,,0
2023,fairleigh dickinson,Fairleigh Dickinson,fairleigh dickinson,16,R32,1321.0,RANK_MATCH,106.1,114.7,-8.6,0.2909,,0
2023,northern kentucky,Northern Kentucky,northern kentucky,16,R64,,UNMATCHED,102.6,101.4,1.2,0.5349,,0
2023,howard,Howard,howard,16,R64,,UNMATCHED,102.7,106.3,-3.6,0.4031,,0
2023,texas am corpus chris,Texas A&M Corpus Chris,texas am corpus chris,16,R64,,UNMATCHED,105.8,107.4,-1.6,0.4566,,0
2023,texas southern,Texas Southern,texas southern,16,R68,,UNMATCHED,95.4,105.4,-10.0,0.2394,,0
2023,southeast missouri st,Southeast Missouri St.,southeast missouri st,16,R68,,UNMATCHED,99.4,107.8,-8.4,0.2823,,0
